barcode,name,brand name,gender,age,description,image,color
8.81E+12,Torriden Cellmazing Brightening Ampoule,Torriden,unisex,adult,"Torriden Cellmazing Brightening Ampoule is an intensive vitamin C treatment developed to refine enlarged pores, smooth uneven texture, and target visible dark spots. Formulated with stabilised pure vitamin C, multiple vitamin C derivatives, niacinamide, ferulic acid, and a seaweed complex, it works to brighten skin tone while supporting long-term clarity.",https://cdn.shopify.com/s/files/1/0682/4647/0744/files/8809784602002_1.jpg?v=1766075846,
8.81E+12,Torriden Cellmazing Firming Cream,Torriden,unisex,adult,"Torriden Cellmazing Firming Cream is a nourishing facial moisturiser formulated for dry and mature skin concerns. Designed to improve visible firmness and reduce the appearance of fine lines and enlarged pores, the cream delivers targeted care through Torriden’s proprietary 5D Collagen Complex, peptides, and an amino acid blend. NMF components and ten molecular weights of hyaluronic acid help maintain long-lasting hydration, while niacinamide supports smoother texture and a clearer-looking complexion. The lightweight cream melts into skin for comfortable daily wear.",https://cdn.shopify.com/s/files/1/0682/4647/0744/files/8809784601746_1.jpg?v=1766076051,
8.81E+12,Torriden Cellmazing Firming Eye Cream,Torriden,Unisex,adult,"Torriden Cellmazing Firming Eye Cream is a targeted anti-ageing treatment designed to revitalise the delicate eye area and address visible fine lines, wrinkles, and dark circles. The formula combines Torriden’s proprietary 5D Collagen Complex with an advanced retinol delivery system to support firmer, smoother-looking skin.",https://cdn.shopify.com/s/files/1/0682/4647/0744/files/8809784601999_1.jpg?v=1766077194,
8.81E+12,Torriden Cellmazing Firming Gel Mask,Torriden,Unisex,adult,"Torriden Cellmazing Firming Gel Mask is a targeted anti-wrinkle treatment designed to deliver visible firming and hydration to both face and neck. The three-piece embossed gel format contours seamlessly to the skin, helping active ingredients absorb effectively for comprehensive coverage.",https://cdn.shopify.com/s/files/1/0682/4647/0744/files/8809784601753_7_058891e4-f6e0-40b4-b782-843477511944.jpg?v=1766076151,
8.81E+12,Torriden Dive In Cleansing Foam,Torriden,unisex,adult,"Torriden Dive In Cleansing Foam is a gentle, award-winning facial cleanser formulated to thoroughly remove dirt, sunscreen, and makeup residue while keeping skin hydrated and comfortable. Suitable for all skin types, including dry and sensitive skin, it produces soft, cushiony bubbles that cleanse without irritation.",https://cdn.shopify.com/s/files/1/0682/4647/0744/files/8809784600404_1.jpg?v=1766077268,
8.81E+12,Torriden Dive In Cleansing Water,Torriden,Unisex,adult,"Torriden Dive In Cleansing Water is an award-winning Korean micellar cleanser formulated to gently dissolve oil- and water-based impurities while maintaining skin comfort. Suitable for all skin types, including sensitive and acne-prone skin, it removes dirt, sunscreen, sebum, and light makeup without irritation.",https://cdn.shopify.com/s/files/1/0682/4647/0744/files/8809784600411_1_8f5ea97e-98fc-4172-8866-fef4f0921ab7.jpg?v=1766076963,
8.81E+12,Torriden Dive In Cream,Torriden,Unisex,adult,"Torriden Dive In Cream is a soothing daily moisturiser developed to provide deep, long-lasting hydration with a fresh, dewy finish. Powered by a 5D-Complex of low-molecular-weight hyaluronic acid, the formula penetrates effectively to relieve internal dryness and replenish moisture at multiple levels of the skin.",https://cdn.shopify.com/s/files/1/0682/4647/0744/files/8809504741660_1.jpg?v=1766076579,
8.81E+12,Torriden Dive In Mask,Torriden,Unisex,adult,"Torriden Dive In Mask is an award-winning moisture-rich sheet mask designed to deliver intensive hydration in a single treatment. Infused with five types of hyaluronic acid, it helps replenish moisture at different levels of the skin while supporting elasticity and smoothness.",https://cdn.shopify.com/s/files/1/0682/4647/0744/files/8809504742841_1.jpg?v=1766076347,
8.81E+12,Torriden Dive In Mild Sun Cream SPF50+ PA++++,Torriden,unisex,adult,"Torriden Dive In Mild Sun Cream is an award-winning physical sunscreen formulated with SPF50+ PA++++ protection to suit sensitive and easily reactive skin types. The 100% zinc oxide base forms a protective barrier on the skin to reflect UV rays while maintaining a lightweight, breathable feel.",https://cdn.shopify.com/s/files/1/0682/4647/0744/files/8809784600268_1.jpg?v=1766075768,
8.81E+12,Torriden Dive In Moisture Sun Cream SPF 50+ PA++++,Torriden,Unisex,adult,"Torriden Dive In Moisture Sun Cream is a hydrating chemical sunscreen formulated to deliver broad-spectrum SPF 50+ PA++++ protection while maintaining skin comfort throughout the day. Its lightweight, non-greasy texture blends seamlessly without leaving a white cast, making it suitable for daily use.",https://cdn.shopify.com/s/files/1/0682/4647/0744/files/8809784601340_1.jpg?v=1766076211,
8.81E+12,Torriden Dive In Serum,Torriden,Unisex,adult,"Torriden Dive In Serum is a highly regarded Korean hydrating treatment formulated to replenish moisture and soothe dehydrated, tight skin. Powered by a 5D low-molecular-weight hyaluronic acid complex, it penetrates efficiently to hydrate multiple skin layers while supporting long-lasting moisture retention.",https://cdn.shopify.com/s/files/1/0682/4647/0744/files/8809504741653_1.jpg?v=1766076799,
8.81E+12,Torriden Dive In Skin Booster,Torriden,Unisex,adult,"Torriden Dive In Skin Booster is an essence-like facial toner formulated to deeply hydrate, refresh, and balance oil and moisture levels after cleansing. Infused with five molecular sizes of hyaluronic acid, it delivers layered hydration for a naturally plump, dewy complexion.",https://cdn.shopify.com/s/files/1/0682/4647/0744/files/8809504742018_1_87d2830b-bca0-484c-9221-1999ee940619.jpg?v=1766076911,
8.81E+12,Torriden Dive In Soothing Cream,Torriden,unisex,adult,"Torriden Dive In Soothing Cream is a refreshing gel moisturiser formulated for oily, combination, and dehydrated skin types. Powered by Torriden’s advanced 5D multi-low-molecular hyaluronic acid system, it replenishes moisture deeply while maintaining a lightweight, breathable feel.",https://cdn.shopify.com/s/files/1/0682/4647/0744/files/8809784600183_1.jpg?v=1766076529,
8.81E+12,Torriden Dive In Toner,Torriden,unisex,adult,"Torriden Dive In Toner is a viral, award-winning hydrating toner formulated to replenish moisture, soften texture, and soothe post-cleansing sensitivity.",https://cdn.shopify.com/s/files/1/0682/4647/0744/files/8809504743237_1.jpg?v=1766077099,
8.81E+12,Torriden Solid In Lip Essence,Torriden,Unisex,adult,"Torriden Solid In Lip Essence is a beauty award-winning Korean lip treatment formulated to deeply moisturise, nourish, and strengthen very dry and sensitive lips. Using Torriden’s SOLID IN technology and a 5D Ceramide Complex, the essence delivers moisture deep into the skin while reinforcing the lip barrier to help prevent dryness and chapping.",https://cdn.shopify.com/s/files/1/0682/4647/0744/files/8809784600152_1.jpg?v=1766076267,
8.90E+12,MARS Drip Lip Mist,Mars Cosmetics,female,adult,"MARS DRIP LIP TINT delivers a juicy, syrup-like finish with vibrant, long-lasting color. Inspired by ripened fruits, it offers rich shades of reds, pinks, and browns, perfect for everyday wear or bold glam. Its versatile formula allows you to effortlessly customize your look, whether you prefer a soft tint or a bold pop of color.",https://cdn.shopify.com/s/files/1/0682/4647/0744/files/8904386113366_1.jpg?v=1765347223,Peachy
8.90E+12,MARS Makeup Remover Wipes,Mars Cosmetics,female,adult,"MARS Makeup Removing Wipes effortlessly melt away even the most stubborn full-coverage makeup, leaving your skin soft, clean, and hydrated. Each pack contains 30 nourishing wipes, designed to meet the unique needs of Indian skin.",https://cdn.shopify.com/s/files/1/0682/4647/0744/files/8904386111799_1.jpg?v=1765362401,Natural
8.90E+12,MARS Matte On Compact Powder,Mars Cosmetics,female,adult,"MARS Wonder Powder 2-in-1 Compact Powder gives a high-definition finish with medium to full coverage. It controls oil and sweat, lasts long, and feels softer than a marshmallow!",https://cdn.shopify.com/s/files/1/0682/4647/0744/files/8904386109543_1.jpg?v=1765361428,Light
8.90E+12,MARS Microfiber Velvet Beauty Sponge,Mars Cosmetics,female,adult,"MARS Microfiber Velvet Beauty Blend is designed with ultra-soft, microfiber material that effortlessly blends and buffs makeup for a flawless, airbrushed finish. It has made from microfiber, a synthetic material known for its softness, absorbency, and ability to blend makeup seamlessly. Microfiber beauty blender often have a velvety texture that feels smooth and luxurious on the skin. This texture helps to distribute and blend liquid and cream products evenly without streaking. They are durable and resistant to wear and tear, providing long-lasting use without needing frequent replacement. They are easy to clean with mild soap and water or a gentle makeup brush cleanser.",https://cdn.shopify.com/s/files/1/0682/4647/0744/files/8904386110976_1.jpg?v=1765361914,Pink
8.90E+12,MARS Mr. Remover Micellar Water,Mars Cosmetics,female,adult,"Meet MARS Mr. Remover, the ultimate oil-based makeup remover. Specially formulated to effortlessly dissolve even the most stubborn waterproof makeup, it keeps your skin hydrated, soft, and refreshed. This versatile remover also gently unclogs pores and exfoliates, revealing a radiant and rejuvenated complexion. Ideal for all skin types, MARS Mr. Remover guarantees a flawless clean every time.",https://cdn.shopify.com/s/files/1/0682/4647/0744/files/8904386113250_1.jpg?v=1765361104,Natural
8.90E+12,MARS Non Transfer Butter Stick Lipstick,Mars Cosmetics,female,adult,"MARS Non-transfer butter lipstick is a Matte Lipstick that will steal your heart with the smoothest glide on your lips, it’s non-sticky, non-transfer and water-proof formula which settles into a complete matte finish. It has one swipe pigmentation and lasts up to 12 hours. Available in 24 rich shades that compliments every mood.",https://cdn.shopify.com/s/files/1/0682/4647/0744/files/8904386102544_1.jpg?v=1765360441,Empowering
8.90E+12,MARS Northern Light Liquid Eyeshadow,Mars Cosmetics,female,adult,MARS Northern Lights Liquid Eyeshadow takes you to a different dimension and brings all your magical dreams into reality. This multi-chrome eyeshadow will enchant you with its divine & fierce pigment and makes sure that your eyes shine brighter than Kohinoor.,https://cdn.shopify.com/s/files/1/0682/4647/0744/files/8904386111065_1.jpg?v=1765360128,Multi-Chrome
8.90E+12,MARS Oh Brow Eyebrow Pencil,Mars Cosmetics,female,adult,"Get set brow! The MARS Oh Brow Eyebrow Pencil comes in a dual ended design with a fine tip pencil on one side to give you the most precise strokes and a spoolie brush on the other to comb and define the brows for a flawless arch. Key Features: Precise Definition, Seamless Blend, Long-lasting Results, Convenient Spoolie.",https://cdn.shopify.com/s/files/1/0682/4647/0744/files/8904386111348_1.jpg?v=1765359357,Black
8.90E+12,MARS Plush Velvet Lipstick,Mars Cosmetics,female,adult,"Indulge in the luxury of MARS Plush Velvet Lipstick. Rich, creamy and smooth like silk, it gives you a soft matte finish with a light, comfortable feel. Available in 24 stunning shades, it is made to match every mood and every occasion.",https://cdn.shopify.com/s/files/1/0682/4647/0744/files/8904386109024_1.jpg?v=1765358058,Soul Red
8.90E+12,Mars Popstar Non Transfer Smudge Proof Long Lasting Matte Liquid Lipstick,Mars Cosmetics,female,adult,"MARS Popstar Liquid Mousse Lipstick gives you a bright pout that will let you outshine the camera flashes. This liquid lipstick which is completely matte, smudge proof and transfer proof has 24 stunning shades to choose from.",https://cdn.shopify.com/s/files/1/0682/4647/0744/files/8904386109697_1.jpg?v=1765354592,01 CLOSEUP
8.90E+12,MARS Pore Cure Primer,Mars Cosmetics,female,adult,MARS Pore Cure Primer is a pore-filling primer that smooths and mattifies your skin to create the perfect base for foundation. It helps control oil throughout the day and works well on all skin types.,https://cdn.shopify.com/s/files/1/0682/4647/0744/files/8904386100502_1.jpg?v=1765354513,NATURAL
8.90E+12,MARS Professional Brush Set,Mars Cosmetics,female,adult,The MARS Pro Brush Set is made with care and made to be perfect. These brushes help you put on makeup flawlessly. Each brush is great for different things like blending and contouring. They work so well that it's like having a professional makeup artist right at your fingertips. Use these brushes to bring out your creativity and make amazing looks with ease. You definitely need this collection!,https://cdn.shopify.com/s/files/1/0682/4647/0744/files/8904386111669_1.jpg?v=1765354361,Multi
8.90E+12,MARS Sky Liner Matte Eyeliner,Mars Cosmetics,female,adult,"MARS Skyliner Liquid Matte Eyeliner for Women delivers precise application with long-lasting, water-resistant, smudge-proof, and transfer-proof wear up to 12 hours. Features matte finish in 4.5ml Black shade—perfect for bold, all-day eye looks.",https://cdn.shopify.com/s/files/1/0682/4647/0744/files/8904386113137_5.jpg?v=1766041463,Black
8.90E+12,MARS Smooth Glide Wont Budge Wont Smudge Kajal,Mars Cosmetics,female,adult,"Be bold with MARS Smooth Glide Kajal. The new highly-pigmented colours are smudge-proof, water-proof and have an easy-glide formula. They are the perfect partners to make your life dramatic.",https://cdn.shopify.com/s/files/1/0682/4647/0744/files/8904386104845_1_c331776c-4844-4283-9f21-c80fd0c6805c.jpg?v=1765353450,Blue
8.90E+12,MARS Sugar Rush Liquid Blush,Mars Cosmetics,female,adult,"MARS Sugar Rush is a highly pigmented liquid blush that delivers a long-lasting, flattering flush of color with a dewy matte finish. Its lightweight formula effortlessly blends into the skin, giving you a smooth, radiant glow that lasts all day.",https://cdn.shopify.com/s/files/1/0682/4647/0744/files/8904386114455_1.jpg?v=1765353011,Pink
8.90E+12,MARS Superstay Lipstick - 01 Bloom,Mars Cosmetics,female,adult,"MARS Super Stay Lipstick, a revolutionary formula designed for those who crave bold, long-lasting color without compromising comfort. Our single glide formula offers intense pigmentation that stays vibrant for up to 12 hours, ensuring your lips look flawless all day. Available in 24 stunning shades, this lipstick delivers a smooth matte finish while keeping your lips hydrated and comfortable.",https://cdn.shopify.com/s/files/1/0682/4647/0744/files/8904386107464_1.jpg?v=1765351096,Red
8.90E+12,MARS Vanity Box,Mars Cosmetics,female,adult,MARS Vanity Makeup Bag with Built-in Mirror | Multi-Level Expandable Organizer with Bottom Drawer | Durable Synthetic Rexine | Water-Resistant | Portable Cosmetic Case,N/A,Pink
8.90E+12,MARS Wont Budge Wont Smudge Kajal,Mars Cosmetics,female,adult,"MARS Won’t Smudge Won’t Budge Kajal is a Twist Up Kajal which is enriched with Chamomile and Ceramide. It just simply won’t smudge neither would it budge. It has Jet Black Pigmentation, glides on smoothly on the lower line, stays put for 24 hours, is smudgeproof and budgeproof, and comes in retractable packaging.",https://cdn.shopify.com/s/files/1/0450/5069/1744/files/Wont-budge-wont-smudge-kajal.jpg?v=1676280253,Jet Black
8.90E+12,MARS Wont Budge Wont Smudge Lip Crayon,Mars Cosmetics,female,adult,"Unlock beauty that stays with you all day with the MARS Won’t Smudge, Won’t Budge Lip Crayon. This matte-finish masterpiece comes in 24 shades to match every personality and mood. Designed for style, comfort and confidence, it is your go-to for effortless glam that lasts.",https://cdn.shopify.com/s/files/1/0682/4647/0744/files/8904386106313_1.jpg?v=1765348624,I Am Confident
8.90E+12,MARS Zero Primer,Mars Cosmetics,female,adult,"This hydrating, lightweight, and non-sticky silicone-based primer effortlessly blurs imperfections and smooths uneven skin texture. The ultra-smoothing formula controls excess oil, minimizes pores, and reduces the appearance of fine lines for a flawless makeup base.",https://cdn.shopify.com/s/files/1/0682/4647/0744/files/8904386111393_1.jpg?v=1765348149,Natural
8.90E+12,MARS TRIO Treat,Mars Cosmetics,female,adult,"Get glammed up with a quick and effortless eye look with the MARS TRIO Treat, A must-have for stunning eyes in just three simple steps. This compact kit combines eyeliner, mascara, and eyeshadow for a complete eye transformation, perfect for any occasion.",https://cdn.shopify.com/s/files/1/0682/4647/0744/files/8904386114837_1.jpg?v=1765346687,Black
8.90E+12,Nasher Miles Capri Hard-Sided Polypropylene Cabin Luggage with Laptop Compartment 20 inch,Nasher Miles,Unisex,adult,"Carry-On Small (S): With a compact 20-inch size, this carry-on suitcase is ideal for travel duration ranging from 1 to 5 days, making it the perfect companion for weekend getaways, business trips, or quick vacations. Despite its sturdy build, the luggage remains lightweight, ensuring easy portability while holding up to 8 kg of weight. Quick-Access Front Compartment: Stay organized on the go with the innovative front-opening compartment, designed for quick and convenient access to your laptop, tablet, travel documents, and chargers. The padded sleeve securely fits laptops up to 15.6 inches, while the premium lining adds a touch of elegance and extra protection for your essentials. For added convenience, the front panel opens fully, providing direct access to the main compartment without the need to unzip the entire bag. Anti-Theft Zipper: Equipped with advanced anti-theft zipper technology, this suitcase provides enhanced security by resisting forced entry—offering far greater protection than conventional zippers and ensuring your belongings always remain safe. Built-In TSA Lock: Travel with confidence thanks to the integrated TSA lock, designed to keep your suitcase securely locked while allowing only authorized airport security personnel to inspect your luggage without causing damage. This feature ensures your belongings stay safe and intact throughout your journey, whether you're flying domestically or internationally. Durable & Effortless Mobility: Crafted from unbreakable, impact-resistant polypropylene, this trolley bag is built to endure the rigors of frequent travel without adding extra weight. Designed for seamless mobility, it features eight 360-degree spinner wheels and a premium aluminum telescopic handle deliver smooth maneuverability and comfortable handling on every journey—whether navigating crowded airports, busy train stations, or uneven hotel surfaces. Warranty: 5 years warranty on shell & 1 year warranty on accessories. Wear & tear for products under use and scratches are not covered.",https://cdn.shopify.com/s/files/1/0682/4647/0744/files/S1_b45abad5-88d3-4176-968a-b2432cba6420.jpg?v=1764109315,Grey
8.90E+12,Nasher Miles Capri Hard-Sided Polypropylene Check-in Luggage 24 inch | 65cm | 8 Wheels Medium Trolley Bag for Travel | Suitcase (Grey & Green),Nasher Miles,Unisex,adult,"Check-In Medium (M): With a 24-inch size, this check-in suitcase is ideal for travel duration ranging from 5-7 days, making it the perfect companion for weekend getaways, business trips, or vacations. Despite its sturdy build, the luggage remains lightweight, ensuring easy portability while holding up to 15 kg of weight. Equipped with advanced anti-theft zipper technology, this suitcase provides enhanced security by resisting forced entry. Travel with confidence thanks to the integrated TSA lock, designed to keep your suitcase securely locked while allowing authorized airport security personnel to inspect your luggage without causing damage. The interior is thoughtfully crafted with a premium lining and multiple storage solutions to keep your belongings perfectly arranged. Crafted from high-strength, impact-resistant polypropylene, this trolley bag is built to endure the rigors of frequent travel without adding extra weight. Designed for seamless mobility, it features eight 360-degree spinner wheels and a premium aluminum telescopic handle.",https://cdn.shopify.com/s/files/1/0682/4647/0744/files/M1_e143fea7-754f-4ec7-a492-ead780344657.jpg?v=1764109351,Grey
8.90E+12,Nasher Miles Capri Hard-Sided Polypropylene Check-in Luggage 28 inch,Nasher Miles,Unisex,adult,"Check-In Large (L): With a 28-inch size, this check-in suitcase is ideal for travel duration lasting than a week, making it the perfect companion for weekend getaways, business trips, or vacations. Despite its sturdy build, the luggage remains lightweight, ensuring easy portability while holding up to 20 kg of weight. Equipped with advanced anti-theft zipper technology, this suitcase provides enhanced security by resisting forced entry—offering far greater protection than conventional zippers and ensuring your belongings always remain safe. Travel with confidence thanks to the integrated TSA lock, designed to keep your suitcase securely locked while allowing authorized airport security personnel to inspect your luggage without causing damage. The interior is thoughtfully crafted with a premium lining and multiple storage solutions to keep your belongings perfectly arranged. It includes compression straps to secure clothing, zippered mesh compartments for essentials, a dedicated wet pouch for toiletries or damp items, and additional mesh pockets for smaller accessories. Crafted from high-strength, impact-resistant polypropylene, this trolley bag is built to endure the rigors of frequent travel without adding extra weight. Designed for seamless mobility, it features eight 360-degree spinner wheels and a premium aluminum telescopic handle deliver smooth maneuverability and comfortable handling on every journey.",https://cdn.shopify.com/s/files/1/0682/4647/0744/files/L1_15af3591-c271-4098-b1ab-7405e9e9d975.jpg?v=1764109281,Champagne
8.90E+12,Nasher Miles Capri Hard-Sided Polypropylene Check-in Luggage 28 inch | 75cm | 8 Wheels Large Trolley Bag for Travel | Suitcase (Grey & Green),Nasher Miles,Unisex,adult,"Check-In Large (L): With a 28-inch size, this check-in suitcase is ideal for travel duration lasting than a week, making it the perfect companion for weekend getaways, business trips, or vacations. Despite its sturdy build, the luggage remains lightweight, ensuring easy portability while holding up to 20 kg of weight. Equipped with advanced anti-theft zipper technology, this suitcase provides enhanced security by resisting forced entry. Travel with confidence thanks to the integrated TSA lock, designed to keep your suitcase securely locked while allowing authorized airport security personnel to inspect your luggage without causing damage. The interior is thoughtfully crafted with a premium lining and multiple storage solutions to keep your belongings perfectly arranged. Crafted from high-strength, impact-resistant polypropylene, this trolley bag is built to endure the rigors of frequent travel without adding extra weight. Designed for seamless mobility, it features eight 360-degree spinner wheels and a premium aluminum telescopic handle.",https://cdn.shopify.com/s/files/1/0682/4647/0744/files/L1_7bc95beb-c6f0-410b-a64e-bcbc519f5e91.jpg?v=1764109393,Grey
8.90E+12,Nasher Miles Paris Hard-Sided Polypropylene Cabin Luggage 20 inch | 55cm | 8 Wheels Small Trolley Bag for Travel | Suitcase (Pastel Green),Nasher Miles,Unisex,adult,"Carry-On Small (S): This 20-inch lightweight, hard-sided cabin trolley bag is perfect for weekend trips or traveling abroad. It is ideal for travels lasting one to five days without the trouble of luggage check-in. Suitcase can hold weight up to 8 kgs. Sturdy Design: Luggage trolley is made from polypropylene which is very resilient, durable and lightweight. The tough exterior is designed to withstand the rigors of travel while keeping your belongings safe and secure. Effortless Mobility: Easy maneuverability via 360-degree, 8-silent spinner wheels is provided for this lightweight series. Features an easy-grab handle on the top. Each bag has a separate number lock (reset code 0-0-0) to ensure the security of your bag. Spacious & Organized Interior: The interior is designed for maximum packing efficiency, featuring multiple compartments and adjustable straps to keep your clothes, accessories, and electronics neatly organized. The mesh pockets provide easy access to small items like toiletries or chargers. Warranty: 3 years warranty on shell & 1 year warranty on accessories. Wear & tear for the product under use and scratches are not covered.",https://cdn.shopify.com/s/files/1/0682/4647/0744/files/S-4_a0bf25de-b4f9-4c35-b301-4957ac9c640c.jpg?v=1764108183,Pastel Green
8.90E+12,Nasher Miles Paris Hard-Sided Polypropylene Check-in Luggage 24 inch | 65cm | 8 Wheels Medium Trolley Bag for Travel | Suitcase (Pastel Green),Nasher Miles,Unisex,adult,"Check-In Medium (M): This 24-inch lightweight, hard-sided check-in trolley bag is perfect for weekend trips or traveling abroad. It is ideal for travels lasting 5-7 days. Suitcase can hold weight up to 15 Kgs. Sturdy Design: Luggage trolley is made from polypropylene which is very resilient, durable and lightweight. The tough exterior is designed to withstand the rigors of travel while keeping your belongings safe and secure. Effortless Mobility: Easy maneuverability via 360-degree, 8-silent spinner wheels is provided for this lightweight series. Features an easy-grab handle on the top and side. Each bag has a separate number lock (reset code 0-0-0) to ensure the security of your bag. Spacious & Organized Interior: The interior is designed for maximum packing efficiency, featuring multiple compartments and adjustable straps to keep your clothes, accessories, and electronics neatly organized. The mesh pockets provide easy access to small items like toiletries or chargers. Warranty: 3 years warranty on shell & 1 year warranty on accessories. Wear & tear for the product under use and scratches are not covered.",https://cdn.shopify.com/s/files/1/0682/4647/0744/files/M-10.jpg?v=1764108227,Pastel Green
8.90E+12,Nasher Miles Paris Hard-Sided Polypropylene Check-in Luggage 28 inch | 75cm | 8 Wheels Large Trolley Bag for Travel | Suitcase (Pastel Green),Nasher Miles,Unisex,adult,"Check-In Large (L): This 28-inch lightweight, hard-sided check-in trolley bag is perfect for weekend trips or traveling abroad. It is ideal for travels lasting than a week. Suitcase can hold weight up to 20 Kgs. Sturdy Design: Luggage trolley is made from polypropylene which is very resilient, durable and lightweight. The tough exterior is designed to withstand the rigors of travel while keeping your belongings safe and secure. Effortless Mobility: Easy maneuverability via 360-degree, 8-silent spinner wheels is provided for this lightweight series. Features an easy-grab handle on the top and side. Each bag has a separate number lock (reset code 0-0-0) to ensure the security of your bag. Spacious & Organized Interior: The interior is designed for maximum packing efficiency, featuring multiple compartments and adjustable straps to keep your clothes, accessories, and electronics neatly organized. The mesh pockets provide easy access to small items like toiletries or chargers. Warranty: 3 years warranty on shell & 1 year warranty on accessories. Wear & tear for the product under use and scratches are not covered.",https://cdn.shopify.com/s/files/1/0682/4647/0744/files/L_82206ee8-467a-4607-8f26-1f24436c15d4.jpg?v=1764108267,Pastel Green
8.90E+12,Nasher Miles Paris Hard-Sided Polypropylene Check-in Luggage 28 inch | 75cm | 8 Wheels Large Trolley Bag for Travel | Suitcase (Purple),Nasher Miles,Unisex,adult,"Check-In Large (L): This 28-inch lightweight, hard-sided check-in trolley bag is perfect for weekend trips or traveling abroad. It is ideal for travels lasting than a week. Suitcase can hold weight up to 20 Kgs. Sturdy Design: Luggage trolley is made from polypropylene which is very resilient, durable and lightweight. The tough exterior is designed to withstand the rigors of travel while keeping your belongings safe and secure. Effortless Mobility: Easy maneuverability via 360-degree, 8-silent spinner wheels is provided for this lightweight series. Features an easy-grab handle on the top and side. Each bag has a separate number lock (reset code 0-0-0) to ensure the security of your bag. Spacious & Organized Interior: The interior is designed for maximum packing efficiency, featuring multiple compartments and adjustable straps to keep your clothes, accessories, and electronics neatly organized. The mesh pockets provide easy access to small items like toiletries or chargers. Warranty: 3 years warranty on shell & 1 year warranty on accessories. Wear & tear for the product under use and scratches are not covered.",https://cdn.shopify.com/s/files/1/0682/4647/0744/files/L_e59bb845-3722-431a-8800-1458ba9f79b2.jpg?v=1764108144,Purple
8.90E+12,Nasher Miles Plus Springfield Hard-Sided Polypropylene Cabin Luggage with Laptop Compartment Champagne 20 inch |55 Trolley Bag,Nasher Miles,Unisex,adult,"Small (S) Lightweight Hard-Side Cabin Luggage (55/20 inches): Travel with our small cabin-sized luggage crafted from unbreakable polypropylene material, offering long-lasting durability and protection for your belongings. This compact yet durable luggage is designed to carry up to 10-15 kg of weight and can accommodate materials for a short trip of 2-3 days. It comes with a quick access front compartment with multiple pockets for essentials like documents and a laptop, ensuring unmatched convenience.",https://cdn.shopify.com/s/files/1/0682/4647/0744/files/S6_7c1820d4-1df9-4cf0-b35c-7dabe6448a00.jpg?v=1764108305,Champagne
8.90E+12,Nasher Miles Singapore Hard-Sided Polypropylene Cabin Luggage Avacado Green 20 inch |55 Trolley Bag,Nasher Miles,Unisex,adult,"Small (S) -20-inch lightweight hard side cabin luggage: Perfect for weekend getaways or international carry-on. Crafted from unbreakable polypropylene for ultimate protection. Each bag is equipped with a separate number lock preset to the code 0-0-0, ensuring the security of your belongings during travel. Equipped with 8 wheels for stability and a telescopic handle adjustable to various heights for comfort. A top carry handle for convenient lifting is available, and in medium and large-sized luggage, there's an additional side carry handle for added convenience. Nasher Miles luggage features two spacious compartments for easy organization on-the-go. A mesh pocket and a hinge pocket inside for convenient packing. 3 years warranty covers defects on body shell under normal use, with 1-year warranty on accessories like wheels, handles, and lock (excludes scratches).",https://cdn.shopify.com/s/files/1/0682/4647/0744/files/S8_4db88333-5377-4b48-bcca-460073e640ef.jpg?v=1764104272,Avacado Green
8.90E+12,Nasher Miles Singapore Hard-Sided Polypropylene Check-in Luggage Avacado Green 24 inch |65 Trolley Bag,Nasher Miles,Unisex,adult,"Medium (M) - 24-inch lightweight hard side check-in luggage crafted from unbreakable polypropylene material, ideal for 5 to 7-day trips, offering ample space and unmatched protection for your belongings during travel. Each bag is equipped with a separate number lock preset to the code 0-0-0, ensuring the security of your belongings during travel. Equipped with 8 wheels for stability and a telescopic handle adjustable to various heights for comfort. A top carry handle for convenient lifting is available, and in medium and large-sized luggage, there's an additional side carry handle for added convenience. Nasher Miles luggage features two spacious compartments for easy organization on-the-go. A mesh pocket and a hinge pocket inside for convenient packing. 3 years warranty covers defects on body shell under normal use, with 1-year warranty on accessories like wheels, handles, and lock (excludes scratches).",https://cdn.shopify.com/s/files/1/0682/4647/0744/files/L8_7fbcb6b7-6921-4606-8bcf-fbc73bc18309.jpg?v=1764104308,Avacado Green
8.90E+12,Nasher Miles The Line Hard-Sided Polypropylene Cabin Luggage Purple 20 inch |55 Trolley Bag,Nasher Miles,Unisex,adult,"Small (S) -20-inch lightweight hard side cabin luggage: Perfect for weekend getaways or international carry-on. Crafted from unbreakable polypropylene for ultimate protection. TSA lock: Side-mounted TSA lock deters theft, ensuring only you or TSA agents can unlock it. Easy to manoeuvre: Equipped with eight wheels for stability and a telescopic handle adjustable to various heights for comfort. A top carry handle for convenient lifting is available, and in medium and large-sized luggage, there's an additional side carry handle for added convenience. Organized packing: Nasher Miles luggage features two spacious compartments for easy organization on-the-go. A mesh pocket and a hinge pocket inside for convenient packing. Warranty: Limited lifetime warranty covers defects on body shell under normal use, with 1-year warranty on accessories like wheels, handles, and lock (excludes scratches).",https://cdn.shopify.com/s/files/1/0682/4647/0744/files/S_e0e89479-361f-4066-ba18-d8cd5b4e5a1f.jpg?v=1764104049,Purple
8.90E+12,Nasher Miles The Line Hard-Sided Polypropylene Cabin Luggage White 20 inch |55 Trolley Bag,Nasher Miles,Unisex,adult,"Small (S) -20-inch lightweight hard side cabin luggage: Perfect for weekend getaways or international carry-on. Crafted from unbreakable polypropylene for ultimate protection. TSA lock: Side-mounted TSA lock deters theft, ensuring only you or TSA agents can unlock it. Easy to manoeuvre: Equipped with eight wheels for stability and a telescopic handle adjustable to various heights for comfort. A top carry handle for convenient lifting is available, and in medium and large-sized luggage, there's an additional side carry handle for added convenience. Organized packing: Nasher Miles luggage features two spacious compartments for easy organization on-the-go. A mesh pocket and a hinge pocket inside for convenient packing. Warranty: Limited lifetime warranty covers defects on body shell under normal use, with 1-year warranty on accessories like wheels, handles, and lock (excludes scratches).",https://cdn.shopify.com/s/files/1/0682/4647/0744/files/S_36a4edfe-ad60-4b43-a0d0-697251997af4.jpg?v=1764104165,White
8.90E+12,Nasher Miles The Line Hard-Sided Polypropylene Check-in Luggage Pink 28 inch |75 Trolley Bag,Nasher Miles,Unisex,adult,"Large (L) - 28-inch lightweight hard side check-in luggage is perfect for trips lasting longer than a week. It's crafted from unbreakable polypropylene material, ensuring exceptional protection for your belongings while you travel. TSA lock: Side-mounted TSA lock deters theft, ensuring only you or TSA agents can unlock it. Easy to manoeuvre: Equipped with eight wheels for stability and a telescopic handle adjustable to various heights for comfort. A top carry handle for convenient lifting is available, and in medium and large-sized luggage, there's an additional side carry handle for added convenience. Organized packing: Nasher Miles luggage features two spacious compartments for easy organization on-the-go. A mesh pocket and a hinge pocket inside for convenient packing. Warranty: Limited lifetime warranty covers defects on body shell under normal use, with 1-year warranty on accessories like wheels, handles, and lock (excludes scratches).",https://cdn.shopify.com/s/files/1/0682/4647/0744/files/M_b577ddce-88b9-45a8-9c1e-9bb3afeeb24a.jpg?v=1764104011,Pink
8.90E+12,Nasher Miles The Line Hard-Sided Polypropylene Check-in Luggage Purple 24 inch |65 Trolley Bag,Nasher Miles,Unisex,adult,"Medium (M) - 24-inch lightweight hard side check-in luggage crafted from unbreakable polypropylene material, ideal for 5 to 7-day trips, offering ample space and unmatched protection for your belongings during travel. Equipped with eight wheels for stability and a telescopic handle adjustable to various heights for comfort. A top carry handle for convenient lifting is available, and in medium and large-sized luggage, there's an additional side carry handle for added convenience. Nasher Miles luggage features two spacious compartments for easy organization on-the-go. A mesh pocket and a hinge pocket inside for convenient packing. Limited lifetime warranty covers defects on body shell under normal use, with 1-year warranty on accessories like wheels, handles, and lock (excludes scratches).",https://cdn.shopify.com/s/files/1/0682/4647/0744/files/M_92f7de72-894c-4735-903b-a40a85d75689.jpg?v=1764104087,Purple
8.90E+12,Nasher Miles The Line Hard-Sided Polypropylene Check-in Luggage Purple 28 inch |75 Trolley Bag,Nasher Miles,Unisex,adult,"Large (L) - 28-inch lightweight hard side check-in luggage is perfect for trips lasting longer than a week. It's crafted from unbreakable polypropylene material, ensuring exceptional protection for your belongings while you travel. Equipped with eight wheels for stability and a telescopic handle adjustable to various heights for comfort. A top carry handle for convenient lifting is available, and in medium and large-sized luggage, there's an additional side carry handle for added convenience. Nasher Miles luggage features two spacious compartments for easy organization on-the-go. A mesh pocket and a hinge pocket inside for convenient packing. Limited lifetime warranty covers defects on body shell under normal use, with 1-year warranty on accessories like wheels, handles, and lock (excludes scratches).",https://cdn.shopify.com/s/files/1/0682/4647/0744/files/M_0d3a506d-648c-48fd-99f8-a7e2ba4f7bdb.jpg?v=1764104124,Purple
8.90E+12,Nasher Miles The Line Hard-Sided Polypropylene Check-in Luggage White 24 inch |65 Trolley Bag,Nasher Miles,Unisex,adult,"Medium (M) - 24-inch lightweight hard side check-in luggage crafted from unbreakable polypropylene material, ideal for 5 to 7-day trips, offering ample space and unmatched protection for your belongings during travel. TSA lock: Side-mounted TSA lock deters theft, ensuring only you or TSA agents can unlock it. Easy to manoeuvre: Equipped with eight wheels for stability and a telescopic handle adjustable to various heights for comfort. A top carry handle for convenient lifting is available, and in medium and large-sized luggage, there's an additional side carry handle for added convenience. Organized packing: Nasher Miles luggage features two spacious compartments for easy organization on-the-go. A mesh pocket and a hinge pocket inside for convenient packing. Warranty: Limited lifetime warranty covers defects on body shell under normal use, with 1-year warranty on accessories like wheels, handles, and lock (excludes scratches).",https://cdn.shopify.com/s/files/1/0682/4647/0744/files/M_4b3fe103-9228-4cee-8f02-9469224c7c57.jpg?v=1764104200,White
8.90E+12,Nasher Miles The Line Hard-Sided Polypropylene Check-in Luggage White 28 inch |75 Trolley Bag,Nasher Miles,Unisex,adult,"Large (L) - 28-inch lightweight hard side check-in luggage is perfect for trips lasting longer than a week. It's crafted from unbreakable polypropylene material, ensuring exceptional protection for your belongings while you travel. TSA lock: Side-mounted TSA lock deters theft, ensuring only you or TSA agents can unlock it. Easy to manoeuvre: Equipped with eight wheels for stability and a telescopic handle adjustable to various heights for comfort. A top carry handle for convenient lifting is available, and in medium and large-sized luggage, there's an additional side carry handle for added convenience. Organized packing: Nasher Miles luggage features two spacious compartments for easy organization on-the-go. A mesh pocket and a hinge pocket inside for convenient packing. Warranty: Limited lifetime warranty covers defects on body shell under normal use, with 1-year warranty on accessories like wheels, handles, and lock (excludes scratches).",https://cdn.shopify.com/s/files/1/0682/4647/0744/files/M_487ecea6-0e13-4548-a4df-64b60fbed54e.jpg?v=1764104236,White
8.90E+12,Nasher Miles Tic Tac Toe Polycarbonate Hard-Sided Cabin Luggage for Kids Blue 44|17inch Kids Trolley Bag |Occupation Astronaut,Nasher Miles,Unisex,adult,"Occupation-Inspired Luggage: Colorful luggage featuring occupations like astronauts and pilots ignites kids' creativity. Ideal for family trips, sleepovers, and school outings. Designed for kids aged 3 to 12, it is a perfect fit for young adventurers. Premium Polycarbonate for Durability: Our luggage is crafted from premium polycarbonate material, ensuring it stands up to the bumps and tumbles of travel. Let your child's luggage withstand the test of time and keep up with their active lifestyle. Roomy Storage with Smart Organization: Featuring two spacious compartments, there's plenty of room for toys, clothing, and other travel essentials. The elastic straps inside help secure your child's clothing, keeping everything in place and minimizing wrinkles. Lightweight and Flexible Maneuverability: Our kids' carry-on suitcase is designed to be lightweight, making it easy for children to manage on their own. Equipped with eight spinner wheels, the suitcase effortlessly rotates 360 degrees, providing flexibility and smooth movement. It won't be an extra burden – it's a joy to pull and navigate. 12 Months Warranty: We offer a 12-month limited warranty. It covers the repair or replacement of any defective material or component. It does not warrant against normal wear and tear.",https://cdn.shopify.com/s/files/1/0682/4647/0744/files/1_c3bb31ec-646a-426e-9f6e-d1013d8d54cb.jpg?v=1764110172,Dark Blue
8.90E+12,Nasher Miles Tic Tac Toe Polycarbonate Hard-Sided Cabin Luggage for Kids Sky Blue 44|17inch Kids Trolley Bag |Occupation Pilot,Nasher Miles,Unisex,adult,"Occupation-Inspired Luggage: Colorful luggage featuring occupations like astronauts and pilots ignites kids' creativity. Ideal for family trips, sleepovers, and school outings. Designed for kids aged 3 to 12, it is a perfect fit for young adventurers. Premium Polycarbonate for Durability: Our luggage is crafted from premium polycarbonate material, ensuring it stands up to the bumps and tumbles of travel. Let your child's luggage withstand the test of time and keep up with their active lifestyle. Roomy Storage with Smart Organization: Featuring two spacious compartments, there's plenty of room for toys, clothing, and other travel essentials. The elastic straps inside help secure your child's clothing, keeping everything in place and minimizing wrinkles. Lightweight and Flexible Maneuverability: Our kids' carry-on suitcase is designed to be lightweight, making it easy for children to manage on their own. Equipped with eight spinner wheels, the suitcase effortlessly rotates 360 degrees, providing flexibility and smooth movement. It won't be an extra burden – it's a joy to pull and navigate.",https://cdn.shopify.com/s/files/1/0682/4647/0744/files/1_0ff8cdcf-5efe-43ac-bb27-9586c100ffee.jpg?v=1764110202,Sky Blue
8.91E+12,Men Cotton Woven Checked Relax Fit Casual Shirt,Bear House,male,adult,Men Cotton Woven Checked Relax Fit Casual Shirt,https://cdn.shopify.com/s/files/1/0682/4647/0744/files/TBH-TIROL-PK_1.jpg?v=1764936031,Pink
8.91E+12,Men's Solid Slim Fit Casual Shirt TBH-TERRO-YL,Bear House,male,adult,"Men's Solid Slim Fit Casual Shirt in Yellow with long sleeves, spread collar, and a chest pocket.",https://cdn.shopify.com/s/files/1/0682/4647/0744/files/TBH-TERRO-YL_1.jpg?v=1764688840,Yellow
'8905826142632,TEULA Green Solid Lyocell Slim Fit Casual Shirt,Bear House,male,adult,"Green solid casual shirt with a slim fit, long sleeves, and a chest pocket.",https://cdn.shopify.com/s/files/1/0682/4647/0744/files/TBH-TEULA-GR_1.jpg?v=1764688842,Green
8.91E+12,Men's Solid Slim Fit Casual Shirt TBH-TISCOA-PL,Bear House,male,adult,Men's Solid Slim Fit Casual Shirt with a stylish design.,https://cdn.shopify.com/s/files/1/0682/4647/0744/files/TBH-TISCOA-PL_1.jpg?v=1764688847,Purple
8.91E+12,Men's Solid Slim Fit Casual Shirt TBH-UTIB-BR,Bear House,male,adult,Men's Solid Slim Fit Casual Shirt TBH-UTIB-BR,https://cdn.shopify.com/s/files/1/0682/4647/0744/files/TBH-UTIB-BR_1.jpg?v=1764688848,Brown
8.91E+12,Men's Solid Slim Fit Casual Shirt TBH-VALEN-GR,Bear House,male,adult,Men's Solid Slim Fit Casual Shirt TBH-VALEN-GR,https://cdn.shopify.com/s/files/1/0682/4647/0744/files/TBH-VALEN-GR_1.jpg?v=1764688848,Green
8.91E+12,Men's Solid Slim Fit Casual Shirt TBH-VALLID-PK,Bear House,male,adult,"Men's Solid Slim Fit Casual Shirt in Pink with a spread collar design, long sleeves, and a chest pocket featuring a metal bear logo.",https://cdn.shopify.com/s/files/1/0682/4647/0744/files/TBH-VALLID-PK_1.jpg?v=1764688850,Pink
'8905826142588,Men's Solid Slim Fit Casual Shirt TBH-VITRBAL-RD,Bear House,male,adult,Men's Solid Slim Fit Casual Shirt TBH-VITRBAL-RD,https://cdn.shopify.com/s/files/1/0682/4647/0744/files/TBH-VITRBAL-RD_1.jpg?v=1764688854,Red
8.91E+12,PERTOK | Blue Soft Touch 4-Way Stretch High Performance Polo,Bear House,male,adult,"Color: Blue. Fit: Slim fit. Occasion: Casual. Sleeve: Short sleeves. Neck: Polo collar with button placket. Material: 88.7% Nylon, 11.3% Spandex. Button Placket: Three-button placket. Design Details: Subtle branding with Seamless Edges, Texture suitable for performance wear. Specification: Moisture-Wicking, 4 Way Stretch, Breathable, Odor Control.",https://cdn.shopify.com/s/files/1/0682/4647/0744/files/POL-PERTOK-BL_1.jpg?v=1764688914,Blue
'8905826231794,Men's Solid Slim Fit Water Repellent Performance Shirt TBH-HORMET-BL,Bear House,male,adult,"Men's Solid Slim Fit Water Repellent Performance Shirt with moisture-wicking, 4-way stretch, breathable, and odor control features.",https://cdn.shopify.com/s/files/1/0682/4647/0744/files/TBH-HORMET-BL_1.jpg?v=1764688933,Blue
'8905826231497,Men's Solid Slim Fit Water Repellent Performance Shirt TBH-MASARY-RD,Bear House,male,adult,Men's Solid Slim Fit Water Repellent Performance Shirt TBH-MASARY-RD,https://cdn.shopify.com/s/files/1/0682/4647/0744/files/TBH-MASARY-RD_1.jpg?v=1764688933,Red
8.91E+12,Men's Solid Slim Fit Water Repellent Performance Shirt TBH-OBREG-KH,Bear House,male,adult,Men's Solid Slim Fit Water Repellent Performance Shirt TBH-OBREG-KH,https://cdn.shopify.com/s/files/1/0682/4647/0744/files/TBH-OBREG-KH_1.jpg?v=1764688939,Brown
8.91E+12,Men's Solid Slim Fit Water Repellent Performance Shirt TBH-ORBIK-WH,Bear House,male,adult,Men's Solid Slim Fit Water Repellent Performance Shirt TBH-ORBIK-WH,https://cdn.shopify.com/s/files/1/0682/4647/0744/files/TBH-ORBIK-WH_1.jpg?v=1764688940,White
8.91E+12,Men's Solid Slim Fit Water Repellent Performance Shirt TBH-PLAMER-GY,Bear House,male,adult,Men's Solid Slim Fit Water Repellent Performance Shirt with Woven Vertical Stripes.,https://cdn.shopify.com/s/files/1/0682/4647/0744/files/TBH-PLAMER-GY_1.jpg?v=1764688941,Gray
'8905826231855,Men's Solid Slim Fit Water Repellent Performance Shirt TBH-PLOYER-BK,THE BEAR HOUSE,male,adult,Experience unparalleled comfort and functionality with advanced fabric technology that delivers style + performance for modern lifestyles.,https://cdn.shopify.com/s/files/1/0682/4647/0744/files/TBH-PLOYER-BK_1.jpg?v=1764688942,Black
'8905826231558,Men's Solid Slim Fit Water Repellent Performance Shirt TBH-REGIN-GR,Bear House,male,adult,"Our range of Polo shirts features a classic overdyed range. These supersoft polos are made from garment-dyed cotton, which means each one will have a rich, perfectly imperfect color that will softly fade over time.",https://cdn.shopify.com/s/files/1/0682/4647/0744/files/TBH-REGIN-GR_1.jpg?v=1764688946,Green
'8905826128193,Men's Stripe Slim Fit Casual Shirt TBH-ARMILLA-PK,Bear House,male,adult,Men's Stripe Slim Fit Casual Shirt TBH-ARMILLA-PK,https://cdn.shopify.com/s/files/1/0682/4647/0744/files/1_bad7e0c4-f416-4e61-8e2a-09d85bfa0039.jpg?v=1764688951,Pink
8.91E+12,Men's Striped Pure Cotton Slim Fit Casual Shirt TBH-YOMALO-GY,Bear House,male,adult,Men's Striped Pure Cotton Slim Fit Casual Shirt,https://cdn.shopify.com/s/files/1/0682/4647/0744/files/TBH-YOMALO-GY_1.jpg?v=1764688953,Gray
8.91E+12,Men's Striped Slim Fit Casual Shirt TBH-ARGENTONA-BL,Bear House,male,adult,Men's Striped Slim Fit Casual Shirt TBH-ARGENTONA-BL,https://cdn.shopify.com/s/files/1/0682/4647/0744/files/TBH-ARGENTONA-BL_1_d0c493cd-a0f4-4e48-ade8-521b14fcfd35.jpg?v=1764688959,Blue
'8905826171762,Men's Striped Slim Fit Casual Shirt TBH-HALAKU-BK,Bear House,male,adult,"Men's Striped Slim Fit Casual Shirt TBH-HALAKU-BK, ideal for both casual and semi-formal occasions.",https://cdn.shopify.com/s/files/1/0682/4647/0744/files/TBH-HALAKU-BK_1.jpg?v=1764688956,Black
8.91E+12,Men's Striped Slim Fit Shirt TBH-MEROG-WH,Bear House,male,adult,"A stylish slim fit shirt with stripes, perfect for casual or semi-formal occasions.",https://cdn.shopify.com/s/files/1/0682/4647/0744/files/TBH-MEROG-WH_1.jpg?v=1764688960,White
'8905826315791,Men's Tailored Fit Checked Cotton Blend Formal Shirt TBH-REVOK-GY,Bear House,male,adult,Men's Tailored Fit Checked Cotton Blend Formal Shirt TBH-REVOK-GY,https://cdn.shopify.com/s/files/1/0682/4647/0744/files/TBH-REVOK-GY_1.jpg?v=1764688964,Gray
8.91E+12,Men's Tailored Fit Checked Polycotton Formal Shirt TBH-MURLO-BG,Bear House,male,adult,Men's Tailored Fit Checked Polycotton Formal Shirt with a classic spread collar and long sleeves.,https://cdn.shopify.com/s/files/1/0682/4647/0744/files/TBH-MURLO-BG_1.jpg?v=1764688967,Beige
8.91E+12,Men's Tailored Fit Checked Polyester Blend Formal Shirt TBH-KITOF-BG,Bear House,male,adult,"Men's Tailored Fit Checked Polyester Blend Formal Shirt with a woven checked design, ideal for formal events, office wear, and business meetings.",https://cdn.shopify.com/s/files/1/0682/4647/0744/files/TBH-KITOF-BG_1.jpg?v=1764688968,Beige
8.91E+12,Men's Tailored Fit Solid Polyester Blend Formal Shirt TBH-ALVAO-BK,Bear House,male,adult,Men's Tailored Fit Solid Polyester Blend Formal Shirt TBH-ALVAO-BK,https://cdn.shopify.com/s/files/1/0682/4647/0744/files/TBH-ALVAO-BK_1.jpg?v=1764688968,Black
'8905826228138,Men's Tailored Fit Solid Polyester Blend Formal Shirt TBH-BATES-GR,Bear House,male,adult,Men's Tailored Fit Solid Polyester Blend Formal Shirt TBH-BATES-GR,https://cdn.shopify.com/s/files/1/0682/4647/0744/files/TBH-BATES-GR_1.jpg?v=1764688971,Green
'8905826228084,Men's Tailored Fit Solid Polyester Blend Formal Shirt TBH-BETUS-BR,Bear House,male,adult,Men's Tailored Fit Solid Polyester Blend Formal Shirt TBH-BETUS-BR,https://cdn.shopify.com/s/files/1/0682/4647/0744/files/TBH-BETUS-BR_1_f5b96c6e-b206-4e0b-bd37-e6d7c45cde2e.jpg?v=1764688975,Brown
8.91E+12,Men's Tailored Fit Solid Polyester Blend Formal Shirt TBH-GAMMUS-BL,Bear House,male,adult,"Men's Tailored Fit Solid Polyester Blend Formal Shirt in Navy Blue, ideal for formal events and office wear.",https://cdn.shopify.com/s/files/1/0682/4647/0744/files/TBH-GAMMUS-BL_1.jpg?v=1764688975,Navy
8.91E+12,Men's Textured Regular Fit Casual Shirt TBH-IWA-BG,Bear House,male,adult,Men's Textured Regular Fit Casual Shirt TBH-IWA-BG,https://cdn.shopify.com/s/files/1/0682/4647/0744/files/TBH-IWA-BG_1.jpg?v=1764688977,Beige
'8905826186346,Men's Textured Regular Fit Casual Shirt TBH-KUD-BK,Bear House,male,adult,"Men's Textured Regular Fit Casual Shirt with a crinkled texture, half sleeves, and a spread collar design.",https://cdn.shopify.com/s/files/1/0682/4647/0744/files/TBH-KUD-BK_1.jpg?v=1764688979,Black
8.91E+12,KUNI White Crinkled Textured Regular Fit Half-Sleeve Casual Shirt,Bear House,male,adult,KUNI White Crinkled Textured Regular Fit Half-Sleeve Casual Shirt,https://cdn.shopify.com/s/files/1/0682/4647/0744/files/TBH-KUNI-WH_1.jpg?v=1764688983,White
8.91E+12,Men's Textured Regular Fit Casual Shirt TBH-OSKI-BL,Bear House,male,adult,"Men's Textured Regular Fit Casual Shirt with crinkled texture, half sleeves, and a curved hem for a polished look.",https://cdn.shopify.com/s/files/1/0682/4647/0744/files/TBH-OSKI-BL_1.jpg?v=1764688982,Blue
'8905826161060,Men's Textured Relax Fit Casual Shirt TBH-ROLIVER-WH,Bear House,male,adult,Men's textured casual shirt with a relaxed fit.,https://cdn.shopify.com/s/files/1/0682/4647/0744/files/TBH-ROLIVER-WH_1.jpg?v=1764688989,White
8.91E+12,Men's Texturted Regular Fit Casual Shirt TBH-SEKI-BL,Bear House,male,adult,Men's Texturted Regular Fit Casual Shirt TBH-SEKI-BL with crinkled texture and curved hem.,https://cdn.shopify.com/s/files/1/0682/4647/0744/files/TBH-SEKI-BL_1.jpg?v=1764688990,Blue
'8905826186445,Men's Texturted Regular Fit Casual Shirt TBH-WAKU-OL,Bear House,male,adult,"Men's Texturted Regular Fit Casual Shirt with crinkled texture, half sleeves, and a spread collar design.",https://cdn.shopify.com/s/files/1/0682/4647/0744/files/TBH-WAKU-OL_1.jpg?v=1764688992,Green
8.91E+12,Men's Tropical Leaf Printed Relax Fit Casual Shirt TBH-LIAMO-PK,Bear House,male,adult,Men's Tropical Leaf Printed Relax Fit Casual Shirt TBH-LIAMO-PK,https://cdn.shopify.com/s/files/1/0682/4647/0744/files/LIAMO1.jpg?v=1764688996,Pink
8.91E+12,Men's Tropical Leaf Printed Relax Fit Casual Shirt TBH-NOAHI-GR,Bear House,male,adult,Men's tropical leaf printed shirt in a relaxed fit.,https://cdn.shopify.com/s/files/1/0682/4647/0744/files/TBH-NOAHI-GR_1.jpg?v=1764688996,Green
'8905826319959,Men's Washed T-Shirt with Tonal Embroidered Branding TSH-BLIP-GR,Bear House,male,adult,"Men's Washed T-Shirt with Tonal Embroidered Branding featuring a solid acid wash pattern, oversized fit, and short raglan sleeves.",https://cdn.shopify.com/s/files/1/0682/4647/0744/files/TSH-BLIP-GR_1.jpg?v=1764688998,Green
8.91E+12,Men's White Colour Blocked Slim Fit Polo Neck T-shirt POL-OCHACO-WH,Bear House,male,adult,Men's White Colour Blocked Slim Fit Polo Neck T-shirt,https://cdn.shopify.com/s/files/1/0682/4647/0744/files/POL-OCHACO-WH_1.jpg?v=1764689002,White
8.91E+12,Men's Woven Design Cotton Blend Slim Fit Casual Shirt TBH-BOLTINA-BK,Bear House,male,adult,Men's Woven Design Cotton Blend Slim Fit Casual Shirt.,https://cdn.shopify.com/s/files/1/0682/4647/0744/files/TBH-BOLTINA-BK_1.jpg?v=1764689015,Black
8.91E+12,Men's Woven Design Cotton Blend Slim Fit Casual Shirt TBH-TILBAN-RT,Bear House,male,adult,Men's Woven Design Cotton Blend Slim Fit Casual Shirt TBH-TILBAN-RT,https://cdn.shopify.com/s/files/1/0682/4647/0744/files/TBH-TILBAN-RT_1.jpg?v=1764689019,Multicolor
8.91E+12,Men's Yellow Tie-Dyed Oversized T-Shirt TSH-RAPOT-YL,Bear House,male,adult,Men's yellow tie-dyed oversized t-shirt.,https://cdn.shopify.com/s/files/1/0682/4647/0744/files/TSH-RAPOT-YL_1.jpg?v=1764689056,Yellow
8.91E+12,Self Design Polo Neck T-shirt POL-BLOK-OR,Bear House,male,adult,Self Design Polo Neck T-shirt POL-BLOK-OR in orange color with a regular fit and short sleeves.,https://cdn.shopify.com/s/files/1/0682/4647/0744/files/POL-BLOK-OR_1.jpg?v=1764689056,Orange
8.91E+12,Self Design Polo Neck T-shirt POL-LOKE-BL,Bear House,male,adult,Self Design Polo Neck T-shirt POL-LOKE-BL,https://cdn.shopify.com/s/files/1/0682/4647/0744/files/1_2895ab84-cc8f-4bdb-a70a-f89ad5ab5646.jpg?v=1764689060,Teal
8.91E+12,Solid Slim Fit Casual Shirt TBH-HINOJOSA-WH,Bear House,male,adult,Solid slim fit casual shirt in white color.,https://cdn.shopify.com/s/files/1/0682/4647/0744/files/1_8f74ec23-2cf3-4609-ab36-ef9acd69ca76.jpg?v=1764689071,White
8.91E+12,Solid Slim Fit Casual Shirt TBH-HONADA-BK,Bear House,male,adult,A stylish and comfortable slim fit casual shirt in black.,https://cdn.shopify.com/s/files/1/0682/4647/0744/files/TBH-HONADA-BK_1.jpg?v=1764689072,Black
8.91E+12,Solid Slim Fit Casual Shirt TBH-HORCHE-OL,Bear House,male,adult,A solid slim fit casual shirt in olive color.,https://cdn.shopify.com/s/files/1/0682/4647/0744/files/TBH-HORCHE-OL_1.jpg?v=1764689074,Green
8.91E+12,Solid Slim Fit Casual Shirt,Bear House,male,adult,N/A,https://cdn.shopify.com/s/files/1/0682/4647/0744/files/1_a51e7242-44ca-4826-b03d-0f484561782d.jpg?v=1764689078,Pink
8.91E+12,Solid Slim Fit Casual Shirt,Bear House,male,adult,Solid Slim Fit Casual Shirt,https://cdn.shopify.com/s/files/1/0682/4647/0744/files/TBH-UHARTE-PL_1.jpg?v=1764689079,Purple
8.91E+12,Solid Slim Fit Casual Shirt,Bear House,male,adult,N/A,https://cdn.shopify.com/s/files/1/0682/4647/0744/files/TBH-ZARAUTZ-BK_1.jpg?v=1764689081,Black
S-KS-459-XS,Oatmeal Floral Halter Tunic Set,Sew and You,female,adult,"<p>Elevate your everyday elegance with this Oatmeal Floral Halter Tunic Set, designed for women who love modern silhouettes with a soft feminine touch. The halter-neck adds a stylish statement, while the airy tunic drapes beautifully for a flattering fit. Paired with wide palazzo pants for maximum comfort and movement, this outfit blends contemporary charm with effortless sophistication. Perfect for casual outings, brunch dates, office wear, or weekend styling Â— just accessorize and step out in style.</p>",https://cdn.shopify.com/s/files/1/0682/4647/0744/files/ConvertOut-Resized-3.jpg?v=1766725657,
S-KS-492-XS,White and gold sequence embroidered Kurta set,Sew and You,female,adult,"<p>Step into festive elegance with this White &amp; Gold Sequin Embroidered Kurta Set, designed for modern celebrations and special occasions. The statement gold chain halter neck adds a luxurious charm, while the shimmering sequin embroidery enhances the outfit with a festive glow. Paired with coordinated bottoms for a balanced and graceful silhouette, this set is perfect for weddings, parties, and celebrations where you want your style to shine effortlessly.</p>",https://cdn.shopify.com/s/files/1/0682/4647/0744/files/1_f5deb09d-a98d-4d2f-ac1f-cb9cdf973714.jpg?v=1766725749,white
S-KS-473-XS,NAVY BLUE BANDHANI PRINTED HALTER SUIT SET,Sew and You,female,adult,"<p>Make a bold statement with this Bandhani Printed Halter Suit Set Â— a contemporary twist on traditional charm. The halter neckline adds a modern touch, while the beautifully printed wide-leg palazzo ensures comfort and elegance in equal measure. Perfect for festive occasions, intimate gatherings, or stylish celebrations, this set delivers effortless grace with every step.</p>",https://cdn.shopify.com/s/files/1/0682/4647/0744/files/1_2a3cf19f-3dc2-486b-91f7-cf17f44a44c6.jpg?v=1766725901,blue
S-KS-474-XS,RED BANDHANI PRINTED HALTER SUIT SET,Sew and You,female,adult,"<p>Make a bold statement with this Bandhani Printed Halter Suit Set Â— a contemporary twist on traditional charm. The halter neckline adds a modern touch, while the beautifully printed wide-leg palazzo ensures comfort and elegance in equal measure. Perfect for festive occasions, intimate gatherings, or stylish celebrations, this set delivers effortless grace with every step.</p>",https://cdn.shopify.com/s/files/1/0682/4647/0744/files/1_b0ba98cf-b538-46d2-b294-adf727c4b1e8.jpg?v=1766725987,red
S-KS-419-XS,BLACK SUNSHINE ORCHARD SET,Sew and You,female,adult,"<p><span>Dive into tropical fiesta with resort wear edit'24 and let the summer adventures begin! Our collection is a summer reverie where colorful, soft-to-skin outfits become a raw interlude against the humdrum of daily chaos.Â  Summer dresses, statement vacay outfits, travel co-ords and comfort kurta sets, step into playful, vibrant ensembles that promise to be your next summer obsession.</span></p>
<h4>DETAILS :</h4>
<h3>Top:</h3>
<ul>
<li>Viscose</li>
<li>Orchard bird print</li>
<li>Tie at neck</li>
<li>Halter Neck<br>
</li>
<li>Loose fitÂ <br>
</li>
<li>Length: 38 inches</li>
</ul>
<h4>Palazzo:</h4>
<ul>
<li>Cotton Blend</li>
<li>Flare Palazzo</li>
<li>Elasticated Band<br>
</li>
<li>Hand Wash Separately<br>
</li>
</ul>
<h5>WEAR ME WITH:</h5>
<p>Team it with with a pair of sliders for a perfect evening look.</p>",https://cdn.shopify.com/s/files/1/0682/4647/0744/files/1_39e08d84-251e-4e9c-8888-06b549716ce5.jpg?v=1766726041,black; floral
Sew-Co-19-XS,BLACK FLORAL PRINTED CO-ORD SET,Sew and You,female,adult,"<p>Elevate your everyday style with this Black Floral Printed Co-ord Set Â— a perfect blend of comfort and contemporary fashion. The printed top paired with subtly embroidered pants creates a polished look ideal for office wear, lunch outings, or effortless weekend styling. Tailored in soft, breathable fabric for all-day comfort, this versatile set is a must-have for women who like to keep it chic yet easy.</p>",https://cdn.shopify.com/s/files/1/0682/4647/0744/files/1_b8c9a838-59ee-4cda-8260-9397ca971063.jpg?v=1766726165,black
Sew-Co-20-XS,RED AND WHITE FLORAL PRINTED SET,Sew and You,female,adult,"<p>Turn heads effortlessly with this vibrant Red and White Floral Printed Set a modern blend of comfort and chic summer style. The V-neckline with an added neck strap gives the outfit a sleek, contemporary edge while enhancing your silhouette. Crafted in a lightweight, breathable fabric, the floral print brings a fresh and youthful vibe to your wardrobe, making it perfect for brunch dates, holiday outings, or festive day events. Paired with coordinated bottoms, this set offers a refined yet trendy Indo-western look. Style it with statement earrings and heels for a picture-perfect ensemble that stands out everywhere you go.</p>",https://cdn.shopify.com/s/files/1/0682/4647/0744/files/1_e5cad4fa-a451-4f7e-b041-a46103a18d10.jpg?v=1766726497,red; floral
S-KS-364-XS,BLACK POLKA DOT SET WITH EMBROIDERED ORGANZA DUPATTA,Sew and You,female,adult,"<p>Flirty and fun, this cream and black polka dot kurta set is a match made in heaven. The halter neck highlighted with black lace looks so elegant and the sheer dupatta with black embroidery and scallop cut design is simply dreamy. Get ready to turn heads at every festive occasion you walk in ! </p>",https://cdn.shopify.com/s/files/1/0682/4647/0744/files/1_233c72e3-4dc7-40dc-b879-17ee9aeaede9.jpg?v=1766726587,white
SEW-FU-2023-03-XS,Vibrant Color Pop Printed Kaftan Ensemble,Sew and You,female,adult,"<p>Step into the world of fashion paradise with this breathtaking kaftan ensemble. The vibrant printed design and flowy silhouette make it perfect for those looking to make a statement at any occasion. Steal the spotlight at any card party or Navratri celebration with this stunning high low kaftan. The frilled hem, High-Low Cut and embellished neckline add the perfect touch of elegance to this pop of color printed and fusion set! The Set includes: A Kaftan, Cami and Palazzo</p>",https://cdn.shopify.com/s/files/1/0682/4647/0744/files/1_7effc552-fc5a-4894-89fc-2dd47dec5d51.jpg?v=1766726678,
SEW-FU-2023-04-XS,RUST SHELL EMBELISHED KAFTAN ENSEMBLE,Sew and You,female,adult,<p>Get ready to steal the spotlight at any festive occasion with this stunning high low kaftan. The frilled hem and embellished neckline add the perfect touch of elegance to this fun and festive fusion set!</p>,https://cdn.shopify.com/s/files/1/0682/4647/0744/files/1_9c54e438-c806-41c0-bd97-003d4bda51ee.jpg?v=1766726889,rust
SEW-FU-18-XS,Beige and Green Floral Printed Drape Top and Dhoti Skirt Set,Sew and You,female,adult,"<p>Elevate your fusion festive style with this Beige &amp; Green Floral Printed Drape Top and Dhoti Skirt Set. Designed with a chic draped silhouette, this outfit blends modern elegance with ethnic charm. The soft floral print adds a refreshing touch, while the dhoti skirt ensures effortless movement and comfort. Perfect for weddings, sangeet, festive dinners, and stylish celebrations Â— a statement co-ord for the modern woman.</p>",https://cdn.shopify.com/s/files/1/0682/4647/0744/files/1_d2570c1c-67e0-4d1f-ad04-b7df4dc4ccf7.jpg?v=1766726961,beige
SEW-FU-19-XS,Eclectic Yellow Bird Flock Top and Dhoti Skirt Set,Sew and You,female,adult,"<p>Bright, bold and beautifully playful Â— this Yellow Bird Flock Top and Dhoti Skirt Set brings a refreshing fusion twist to your festive wardrobe. The eclectic bird-print top adds a vibrant statement, while the dhoti-style skirt offers modern comfort with traditional charm. Designed for celebrations, haldi functions, brunch outings, or destination events Â— this outfit blends style, structure and effortless movement for the modern trendsetter. Pair with statement earrings and minimal heels for a chic standout look.</p>",https://cdn.shopify.com/s/files/1/0682/4647/0744/files/1_5128da2e-f847-4873-85b9-5d35fc1b3045.jpg?v=1766727030,yellow
S-KS-201-XS,Almond Gold and White Embroidered Kurta Set,Sew and You,female,adult,"<p>Made from beautiful chikankari embroidered cotton silk fabric, this kurta has a scalloped borders highlighted with gold jari lace and white floral lace on the neckline and center, quarter sleeves with scallop embroidered borders that makes it visually stunning. It comes with the two matching pants with laced cuts that adds oodles of style. Pair it with mat gold earrings and let the monotone of the set elevate your style quotient.</p>",https://cdn.shopify.com/s/files/1/0682/4647/0744/files/1_e595b05c-43e2-4917-b8aa-cb7937049bbe.jpg?v=1766727178,brown
S-KS-354-XS,Black Crystal suit Set with Organza Dupatta,Sew and You,female,adult,"<p>Elevate your celebration look with this stunning Black Crystal Suit Set, designed to make a statement at every festive event. The kurta features glimmering crystal embellishments that add a rich, luxurious appeal without overpowering the elegance of the solid black base. Paired with coordinated bottoms for a sharp silhouette and a lightweight organza dupatta that brings sheer sophistication to the ensemble. Perfect for evening festivities, wedding functions, and glamorous gatherings where you want all eyes on you.</p>",https://cdn.shopify.com/s/files/1/0682/4647/0744/files/1_a6bfcd11-2d08-4298-998d-80956d8938ae.jpg?v=1766727292,black
S-KS-332-XS,Peach Lavender Mojito Set,Sew and You,female,adult,"<p>Step into a refreshing blend of elegance and charm with this Peach Lavender Mojito Set. Featuring a soft lavender base beautifully adorned with delicate peach embroidery, this suit set brings a festive yet contemporary look to every occasion. The sharara bottom adds graceful flare and a modern silhouette, making the ensemble perfect for weddings, sangeet nights, family celebrations, or special daytime events. Designed in breathable fabric with fine embroidered detailing, it promises both comfort and standout festive style. Pair it with minimal jewelry for a chic and effortlessly glamorous look.</p>",https://cdn.shopify.com/s/files/1/0682/4647/0744/files/1_6732788b-69fb-4b06-a673-fb766f829d0a.jpg?v=1766727347,
S-KS-333-XS,Blue And Gold Chikankari Embroidered Kurta Set,Sew and You,female,adult,"<p>Discover our luxurious spring summer collection GULMOHAR, inspired by one of the most beautiful tropical tree of India - the Gul mohar Tree that blossoms colorful flowers and beautiful aroma in summers. Rich colors and floral embroideries that echoes the spirit of the season. A Capsule collection with a medley of beautiful Ombre's to deep blue prints, it is a riot of color and modern craftsmanship, one that will make your summer more beautiful.</p>
<p>Â <strong>Kurta:</strong></p>
<ul>
<li>Cotton</li>
<li>White Thread / Sequence Embroidery</li>
<li>Side tassels To Tie</li>
<li>Lace embossed on neck</li>
<li>Fit and Flared</li>
<li>Quarter SleevesÂ <span>with embroideryÂ </span>
</li>
<li>Hand Wash Separately</li>
</ul>
<p><strong>Palazzo:</strong></p>
<ul>
<li>Cotton</li>
<li>Elasticated Band</li>
<li>
<span>Straight</span>Â Palazzo</li>
<li>Length: 38-39 Inches</li>
<li>Hand Wash separately</li>
</ul>
<p><strong>Model is wearing Size XS</strong></p>",https://cdn.shopify.com/s/files/1/0682/4647/0744/files/1_525d9506-d772-4b2c-8131-e42b790a732b.jpg?v=1766727446,blue; geometric; floral
S-KS-443-XS,BABY PINK SEQUENCE EMBROIDERED SUIT SET,Sew and You,female,adult,"<p>Sparkle with subtle elegance in this Baby Pink Sequin Embroidered Suit Set, designed for festive charm and modern grace. Featuring intricate sequin embroidery on a soft pastel base, the outfit includes a stylish deep-back kurta with a delicate dori and a flattering sweetheart neckline. Perfect for celebrations, cocktail nights, or ethnic evenings, this trendy ensemble blends glamour with comfort Â— a must-have for your festive wardrobe.</p>",https://cdn.shopify.com/s/files/1/0682/4647/0744/files/1_c99be7d8-60cf-4c36-96b7-acfda76be9ac.jpg?v=1766727564,pink
S-KS-349-XS,Black Chand Halter Embroidered Kurta Set,Sew and You,female,adult,"<p>Embrace modern elegance with this Black Chand Halter Embroidered Kurta Set a perfect fusion of festive charm and contemporary style. Designed with a chic halter neckline, the kurta features exquisite moon-inspired embroidery that adds a refined shine to the look. Paired with beautifully coordinated bottoms, this set offers a graceful silhouette ideal for festive evenings, family celebrations, or party wear moments. Crafted in soft, comfortable fabric, it ensures effortless movement while keeping your style statement bold and sophisticated.</p>",https://cdn.shopify.com/s/files/1/0682/4647/0744/files/1_9bc7fc53-4145-4944-abcb-4c0bd457de43.jpg?v=1766727614,black
S-KS-341-XS,Blue Ombre Scallop Embroidered Kurta Set,Sew and You,female,adult,"<p>Make heads turn with this stunning Blue Ombre Scallop Embroidered Kurta Set featuring a beautifully shaded ombre effect and detailed embroidery. The scalloped edges add a premium finish, while the white bottom enhances the elegance. Ideal for weddings, festive celebrations, or evening functions Â— a true blend of glamour and comfort.</p>",https://cdn.shopify.com/s/files/1/0682/4647/0744/files/1_50b79061-98f4-4303-8610-8f1aeb2882f7.jpg?v=1766727690,blue
S-KS-350-XS,Lime Floral Halter Embroidered Kurta Set,Sew and You,female,adult,"<p>Elevate your festive and occasion wear with this stunning Lime Floral Halter Embroidered Kurta Set. Designed in a flattering halter neckline, the kurta features intricate floral embroidery that adds a modern yet graceful charm. Paired with comfortable bottoms, this stylish kurta set is perfect for festive celebrations, family gatherings, daytime events, and elegant outings. Lightweight, breathable, and effortlessly fashionable Â— this set will keep you comfortable while making a chic style statement.</p>",https://cdn.shopify.com/s/files/1/0682/4647/0744/files/1_ba0c9b52-1995-496f-8f2e-8572d7bcb90f.jpg?v=1766727864,green
S-KS-420-XS,RUST ABSTRACT PRINT WRAP KURTA SET,Sew and You,female,adult,"<p>Make a bold yet elegant statement with this Rust Abstract Print Wrap Kurta Set, designed with a contemporary wrap silhouette and stylish side-tie detailing for a flattering fit. The soft, breathable fabric ensures all-day comfort, making it perfect for festive gatherings, social outings, and office wear. Paired with intricately embroidered palazzos, this set brings together modern design and traditional charm effortlessly. An ideal pick for women who love unique prints and everyday elegance.</p>",https://cdn.shopify.com/s/files/1/0682/4647/0744/files/1_b1ebc566-9480-4c7d-9329-dc17b6aa4729.jpg?v=1766727924,orange
S-KS-351-XS,White and Blue embroidered kurta set,Sew and You,female,adult,"<p>Allow yourself to be transported to an island paradise with the elegant white-and-blue embroidery of our WHITE AND BLUE FLORAL EMBROIDERED KURTA SET. Appreciate the intricate floral patterns, Scalloped borders and tranquil hues, reminiscent of the beauty of Santorini. Experience the grace of the blue floral accents in this stunning outfit.</p>",https://cdn.shopify.com/s/files/1/0682/4647/0744/files/1_a094169b-5ea7-4282-97f4-2d16c78c72ac.jpg?v=1766727970,blue
S-KS-418-XS,YELLOW FLORAL PRINTED KURTA SET,Sew and You,female,adult,"<p>Brighten up your everyday style with this Yellow Floral Printed Kurta Set, crafted in soft viscose for all-day comfort. The white floral print adds a fresh and elegant charm, while the long balloon sleeves and band neck with button detailing elevate the modern-traditional look. Paired with complementary bottoms, this relaxed-fit outfit is perfect for casual outings, office wear, festive brunches, and summer gatherings.</p>",https://cdn.shopify.com/s/files/1/0682/4647/0744/files/1_719b15ac-b3c6-45ad-af27-9ae9fbb53704.jpg?v=1766728126,yellow
S-KS-424-XS,RED FLORAL PRINTED KURTA SET,Sew and You,female,adult,"<p>Step into effortless elegance with this Red Floral Printed Kurta Set Â— a perfect blend of comfort and statement style. Crafted in soft viscose fabric, the kurta features a relaxed fit with loose sleeves to keep you chic and comfortable all day. The vibrant floral print adds a festive charm, making it ideal for brunches, casual outings, office wear, and daytime celebrations. Pair it with the matching bottom or switch it up with denims for a stylish Indo-western vibe.</p>",https://cdn.shopify.com/s/files/1/0682/4647/0744/files/1_e8f1b234-a740-4171-abe9-6a5a6d30a0c9.jpg?v=1766728189,red
S-KS-423-XS,LILAC COLOR-BLOCK KURTA SET,Sew and You,female,adult,"<p class=""my-2 [&amp;+p]:mt-4 [&amp;_strong:has(+br)]:inline-block [&amp;_strong:has(+br)]:pb-2""><strong>Product Description:</strong><br>Kurta set with palazzo pants featuring comfort fit kurta in V-Neck style with oversize floral print, lace embossed neck, high-low hem, color block pattern, side pockets, and loose fit (44"" front, 52"" back length). Palazzo in cotton with embroidered hem and elasticated waist. Top fabric: Viscose, Bottom fabric: Cotton.</p>
<p class=""my-2 [&amp;+p]:mt-4 [&amp;_strong:has(+br)]:inline-block [&amp;_strong:has(+br)]:pb-2""><strong>Details:</strong><br>Dive into tropical fiesta with resort wear edit'24â€”colorful, soft-to-skin outfits for summer adventures, dresses, vacay co-ords, and comfort kurta sets. Team with sliders for perfect evening look.</p>
<p class=""my-2 [&amp;+p]:mt-4 [&amp;_strong:has(+br)]:inline-block [&amp;_strong:has(+br)]:pb-2""><strong>Care Instructions:</strong><br>Hand wash separately.</p>
<p class=""my-2 [&amp;+p]:mt-4 [&amp;_strong:has(+br)]:inline-block [&amp;_strong:has(+br)]:pb-2"">Â </p>",https://cdn.shopify.com/s/files/1/0682/4647/0744/files/1_9d3021b3-9128-41a1-9e61-b6d0d7862b22.jpg?v=1766728256,floral; pink; lilac
S-KS-465-XS,NAVY PRINTED TRENCH STYLE TUNIC SET,Sew and You,female,adult,"<p>Make a bold statement with this Navy Trench-Style Tunic Set featuring a modern wrap design and side tie-up detailing. The Bandhani-inspired print adds a traditional touch to the contemporary silhouette Â— a perfect fusion fit for office fashion, outings, and festive evenings.</p>",https://cdn.shopify.com/s/files/1/0682/4647/0744/files/ConvertOut-Resized-6_fed6376c-3fb7-43ba-b85d-cda99cf098d8.jpg?v=1766728416,blue
S-KS-488-XS,BEIGE MUGHLAI PRINT KURTA SET,Sew and You,female,adult,"<p>Elevate your ethnic wardrobe with this stunning Beige Mughlai Print Kurta Set, inspired by timeless royal artistry. The multi-colour Mughal motifs add vibrant elegance, while the asymmetric hemline with tassel detailing brings a stylish contemporary twist. Paired with intricately embroidered palazzos, this outfit ensures the perfect blend of grace, comfort, and festive charm. Ideal for family functions, festive gatherings, brunch events, and cultural celebrations Â— a luxurious addition for every occasion.</p>",https://cdn.shopify.com/s/files/1/0682/4647/0744/files/1_85d8881e-6d2c-4007-9d97-3dc435fd6c72.jpg?v=1766728475,
S-KS-472-XS,GREEN LEAF MOTIF KURTA SET,Sew and You,female,adult,"<p>Elevate your everyday ethnic wardrobe with this stylish Green Leaf Motif Kurta Set. Featuring a refreshing leaf-print kurta and comfortable white palazzo, this ensemble blends modern charm with effortless elegance. The relaxed loose sleeves offer breathable comfort, making it ideal for daily wear, office looks, festive brunches, or casual outings. Crafted in soft, lightweight fabric, this kurta set ensures all-day ease while keeping your style game strong. Pair with minimal accessories for a chic and graceful look.</p>",https://cdn.shopify.com/s/files/1/0682/4647/0744/files/ConvertOut-Resized-4.jpg?v=1766728988,green
